id,label
1,Cat
2,Cat
3,Dog
4,Cat
5,Cat
6,Dog
7,Cat
8,Dog
9,Dog
10,Cat
11,Dog
12,Dog
13,Dog
14,Cat
15,Dog
16,Cat
17,Dog
18,Dog
19,Dog
20,Cat
21,Dog
22,Cat
23,Cat
24,Dog
25,Cat
26,Cat
27,Dog
28,Dog
29,Dog
30,Cat
31,Dog
32,Dog
33,Cat
34,Dog
35,Cat
36,Cat
37,Cat
38,Dog
39,Cat
40,Cat
41,Dog
42,Dog
43,Dog
44,Dog
45,Dog
46,Cat
47,Cat
48,Dog
49,Cat
50,Cat
51,Cat
52,Cat
53,Cat
54,Dog
55,Cat
56,Dog
57,Cat
58,Cat
59,Cat
60,Cat
61,Dog
62,Dog
63,Dog
64,Cat
65,Cat
66,Dog
67,Cat
68,Cat
69,Dog
70,Dog
71,Dog
72,Cat
73,Dog
74,Cat
75,Dog
76,Dog
77,Dog
78,Dog
79,Dog
80,Dog
81,Dog
82,Cat
83,Cat
84,Cat
85,Cat
86,Cat
87,Cat
88,Cat
89,Cat
90,Dog
91,Cat
92,Dog
93,Cat
94,Dog
95,Cat
96,Dog
97,Cat
98,Dog
99,Dog
100,Dog
101,Dog
102,Cat
103,Cat
104,Cat
105,Dog
106,Dog
107,Cat
108,Dog
109,Cat
110,Dog
111,Dog
112,Cat
113,Cat
114,Dog
115,Cat
116,Cat
117,Dog
118,Dog
119,Cat
120,Dog
121,Dog
122,Dog
123,Cat
124,Cat
125,Dog
126,Dog
127,Cat
128,Dog
129,Dog
130,Dog
131,Dog
132,Dog
133,Dog
134,Dog
135,Cat
136,Cat
137,Dog
138,Cat
139,Dog
140,Cat
141,Cat
142,Dog
143,Cat
144,Dog
145,Dog
146,Dog
147,Cat
148,Dog
149,Dog
150,Dog
151,Cat
152,Cat
153,Cat
154,Dog
155,Dog
156,Dog
157,Cat
158,Dog
159,Cat
160,Cat
161,Dog
162,Cat
163,Dog
164,Cat
165,Cat
166,Dog
167,Dog
168,Cat
169,Cat
170,Dog
171,Dog
172,Cat
173,Cat
174,Dog
175,Dog
176,Dog
177,Dog
178,Dog
179,Dog
180,Dog
181,Dog
182,Cat
183,Cat
184,Cat
185,Dog
186,Dog
187,Dog
188,Cat
189,Dog
190,Dog
191,Dog
192,Dog
193,Cat
194,Cat
195,Cat
196,Dog
197,Cat
198,Dog
199,Cat
200,Cat
201,Dog
202,Cat
203,Cat
204,Cat
205,Dog
206,Dog
207,Dog
208,Dog
209,Dog
210,Dog
211,Dog
212,Dog
213,Dog
214,Dog
215,Cat
216,Dog
217,Dog
218,Dog
219,Dog
220,Cat
221,Cat
222,Dog
223,Dog
224,Cat
225,Cat
226,Dog
227,Cat
228,Cat
229,Cat
230,Dog
231,Cat
232,Cat
233,Dog
234,Cat
235,Cat
236,Dog
237,Cat
238,Cat
239,Cat
240,Dog
241,Dog
242,Dog
243,Dog
244,Cat
245,Cat
246,Dog
247,Dog
248,Dog
249,Dog
250,Dog
251,Dog
252,Cat
253,Cat
254,Cat
255,Cat
256,Dog
257,Cat
258,Cat
259,Dog
260,Dog
261,Cat
262,Cat
263,Dog
264,Cat
265,Dog
266,Dog
267,Dog
268,Cat
269,Dog
270,Dog
271,Dog
272,Cat
273,Cat
274,Cat
275,Cat
276,Dog
277,Cat
278,Dog
279,Dog
280,Dog
281,Dog
282,Dog
283,Cat
284,Dog
285,Cat
286,Dog
287,Cat
288,Cat
289,Cat
290,Cat
291,Dog
292,Dog
293,Cat
294,Dog
295,Dog
296,Dog
297,Dog
298,Cat
299,Cat
300,Dog
301,Cat
302,Cat
303,Cat
304,Dog
305,Cat
306,Dog
307,Dog
308,Dog
309,Cat
310,Cat
311,Cat
312,Cat
313,Dog
314,Dog
315,Dog
316,Cat
317,Dog
318,Cat
319,Cat
320,Dog
321,Cat
322,Cat
323,Dog
324,Dog
325,Cat
326,Cat
327,Cat
328,Dog
329,Cat
330,Dog
331,Cat
332,Dog
333,Cat
334,Cat
335,Cat
336,Dog
337,Dog
338,Dog
339,Dog
340,Dog
341,Dog
342,Cat
343,Cat
344,Dog
345,Cat
346,Dog
347,Cat
348,Dog
349,Dog
350,Cat
351,Cat
352,Dog
353,Dog
354,Cat
355,Dog
356,Dog
357,Cat
358,Dog
359,Dog
360,Cat
361,Dog
362,Cat
363,Cat
364,Cat
365,Dog
366,Dog
367,Dog
368,Dog
369,Dog
370,Dog
371,Dog
372,Dog
373,Cat
374,Dog
375,Dog
376,Cat
377,Dog
378,Dog
379,Dog
380,Dog
381,Dog
382,Cat
383,Cat
384,Dog
385,Dog
386,Cat
387,Dog
388,Dog
389,Cat
390,Dog
391,Dog
392,Cat
393,Cat
394,Dog
395,Dog
396,Dog
397,Dog
398,Dog
399,Dog
400,Dog
401,Dog
402,Dog
403,Cat
404,Dog
405,Dog
406,Cat
407,Cat
408,Cat
409,Dog
410,Cat
411,Dog
412,Dog
413,Dog
414,Dog
415,Cat
416,Cat
417,Cat
418,Cat
419,Cat
420,Cat
421,Dog
422,Dog
423,Cat
424,Cat
425,Cat
426,Cat
427,Cat
428,Cat
429,Dog
430,Dog
431,Dog
432,Dog
433,Cat
434,Cat
435,Dog
436,Dog
437,Dog
438,Dog
439,Dog
440,Cat
441,Cat
442,Dog
443,Cat
444,Dog
445,Cat
446,Dog
447,Dog
448,Dog
449,Dog
450,Dog
451,Cat
452,Cat
453,Cat
454,Cat
455,Cat
456,Cat
457,Dog
458,Dog
459,Cat
460,Cat
461,Dog
462,Cat
463,Dog
464,Cat
465,Dog
466,Dog
467,Dog
468,Dog
469,Cat
470,Dog
471,Dog
472,Dog
473,Cat
474,Cat
475,Dog
476,Cat
477,Cat
478,Dog
479,Dog
480,Cat
481,Cat
482,Dog
483,Dog
484,Cat
485,Dog
486,Dog
487,Dog
488,Cat
489,Cat
490,Dog
491,Cat
492,Dog
493,Cat
494,Cat
495,Dog
496,Cat
497,Dog
498,Cat
499,Dog
500,Cat
501,Cat
502,Cat
503,Dog
504,Dog
505,Dog
506,Cat
507,Cat
508,Cat
509,Dog
510,Cat
511,Dog
512,Cat
513,Cat
514,Cat
515,Dog
516,Cat
517,Dog
518,Cat
519,Dog
520,Dog
521,Dog
522,Dog
523,Cat
524,Cat
525,Cat
526,Dog
527,Cat
528,Dog
529,Cat
530,Dog
531,Cat
532,Dog
533,Dog
534,Dog
535,Cat
536,Dog
537,Cat
538,Dog
539,Dog
540,Cat
541,Dog
542,Cat
543,Cat
544,Dog
545,Cat
546,Cat
547,Dog
548,Cat
549,Cat
550,Dog
551,Dog
552,Dog
553,Dog
554,Cat
555,Dog
556,Cat
557,Cat
558,Dog
559,Dog
560,Cat
561,Cat
562,Dog
563,Dog
564,Cat
565,Dog
566,Cat
567,Dog
568,Dog
569,Dog
570,Dog
571,Dog
572,Cat
573,Cat
574,Dog
575,Cat
576,Dog
577,Dog
578,Dog
579,Dog
580,Cat
581,Cat
582,Dog
583,Dog
584,Dog
585,Cat
586,Dog
587,Dog
588,Cat
589,Cat
590,Cat
591,Dog
592,Dog
593,Dog
594,Cat
595,Dog
596,Cat
597,Dog
598,Cat
599,Dog
600,Cat
601,Dog
602,Cat
603,Dog
604,Dog
605,Dog
606,Dog
607,Dog
608,Dog
609,Dog
610,Cat
611,Dog
612,Cat
613,Cat
614,Dog
615,Cat
616,Dog
617,Cat
618,Dog
619,Dog
620,Cat
621,Dog
622,Dog
623,Dog
624,Dog
625,Dog
626,Cat
627,Dog
628,Cat
629,Dog
630,Dog
631,Dog
632,Dog
633,Dog
634,Cat
635,Dog
636,Dog
637,Cat
638,Cat
639,Dog
640,Cat
641,Cat
642,Cat
643,Cat
644,Cat
645,Cat
646,Cat
647,Dog
648,Cat
649,Cat
650,Cat
651,Dog
652,Cat
653,Dog
654,Dog
655,Cat
656,Cat
657,Dog
658,Cat
659,Dog
660,Dog
661,Dog
662,Dog
663,Cat
664,Cat
665,Dog
666,Dog
667,Cat
668,Dog
669,Dog
670,Dog
671,Dog
672,Cat
673,Dog
674,Cat
675,Cat
676,Dog
677,Dog
678,Cat
679,Cat
680,Dog
681,Dog
682,Cat
683,Cat
684,Cat
685,Dog
686,Cat
687,Dog
688,Dog
689,Cat
690,Cat
691,Cat
692,Dog
693,Dog
694,Cat
695,Dog
696,Cat
697,Cat
698,Dog
699,Cat
700,Dog
701,Cat
702,Cat
703,Dog
704,Cat
705,Cat
706,Cat
707,Dog
708,Cat
709,Dog
710,Dog
711,Dog
712,Dog
713,Dog
714,Cat
715,Dog
716,Dog
717,Cat
718,Cat
719,Cat
720,Dog
721,Dog
722,Cat
723,Dog
724,Dog
725,Cat
726,Dog
727,Dog
728,Dog
729,Dog
730,Cat
731,Cat
732,Cat
733,Dog
734,Dog
735,Cat
736,Cat
737,Dog
738,Cat
739,Cat
740,Dog
741,Dog
742,Dog
743,Dog
744,Dog
745,Cat
746,Dog
747,Dog
748,Dog
749,Cat
750,Cat
751,Cat
752,Cat
753,Dog
754,Dog
755,Dog
756,Cat
757,Cat
758,Cat
759,Cat
760,Dog
761,Dog
762,Dog
763,Dog
764,Cat
765,Cat
766,Cat
767,Dog
768,Cat
769,Dog
770,Dog
771,Dog
772,Dog
773,Cat
774,Cat
775,Dog
776,Dog
777,Dog
778,Cat
779,Dog
780,Dog
781,Dog
782,Cat
783,Dog
784,Dog
785,Dog
786,Cat
787,Dog
788,Dog
789,Cat
790,Dog
791,Cat
792,Dog
793,Dog
794,Cat
795,Dog
796,Dog
797,Dog
798,Dog
799,Cat
800,Dog
801,Dog
802,Cat
803,Cat
804,Dog
805,Cat
806,Dog
807,Cat
808,Dog
809,Cat
810,Cat
811,Cat
812,Cat
813,Dog
814,Cat
815,Cat
816,Dog
817,Dog
818,Dog
819,Cat
820,Dog
821,Dog
822,Dog
823,Cat
824,Dog
825,Cat
826,Cat
827,Dog
828,Cat
829,Dog
830,Cat
831,Cat
832,Cat
833,Cat
834,Cat
835,Cat
836,Dog
837,Cat
838,Dog
839,Cat
840,Dog
841,Cat
842,Dog
843,Dog
844,Dog
845,Cat
846,Dog
847,Dog
848,Cat
849,Dog
850,Dog
851,Dog
852,Cat
853,Dog
854,Cat
855,Cat
856,Dog
857,Dog
858,Cat
859,Cat
860,Dog
861,Dog
862,Cat
863,Cat
864,Cat
865,Dog
866,Cat
867,Dog
868,Dog
869,Cat
870,Dog
871,Cat
872,Dog
873,Dog
874,Dog
875,Dog
876,Dog
877,Dog
878,Cat
879,Dog
880,Cat
881,Dog
882,Dog
883,Cat
884,Dog
885,Dog
886,Dog
887,Cat
888,Dog
889,Cat
890,Cat
891,Cat
892,Dog
893,Cat
894,Cat
895,Cat
896,Cat
897,Dog
898,Dog
899,Dog
900,Dog
901,Dog
902,Cat
903,Dog
904,Dog
905,Dog
906,Cat
907,Cat
908,Dog
909,Cat
910,Cat
911,Dog
912,Cat
913,Cat
914,Dog
915,Dog
916,Dog
917,Dog
918,Dog
919,Dog
920,Dog
921,Cat
922,Dog
923,Cat
924,Cat
925,Dog
926,Dog
927,Cat
928,Dog
929,Cat
930,Dog
931,Dog
932,Cat
933,Dog
934,Cat
935,Dog
936,Cat
937,Cat
938,Dog
939,Cat
940,Cat
941,Dog
942,Cat
943,Cat
944,Dog
945,Dog
946,Cat
947,Cat
948,Cat
949,Cat
950,Cat
951,Dog
952,Cat
953,Dog
954,Dog
955,Cat
956,Dog
957,Dog
958,Dog
959,Dog
960,Dog
961,Dog
962,Cat
963,Cat
964,Dog
965,Dog
966,Dog
967,Cat
968,Dog
969,Cat
970,Cat
971,Dog
972,Dog
973,Cat
974,Dog
975,Cat
976,Dog
977,Dog
978,Cat
979,Dog
980,Dog
981,Dog
982,Dog
983,Dog
984,Cat
985,Dog
986,Dog
987,Cat
988,Cat
989,Cat
990,Cat
991,Dog
992,Dog
993,Dog
994,Dog
995,Cat
996,Dog
997,Cat
998,Dog
999,Cat
1000,Dog
1001,Dog
1002,Cat
1003,Dog
1004,Cat
1005,Cat
1006,Dog
1007,Dog
1008,Dog
1009,Dog
1010,Cat
1011,Dog
1012,Dog
1013,Cat
1014,Cat
1015,Dog
1016,Dog
1017,Dog
1018,Cat
1019,Cat
1020,Cat
1021,Cat
1022,Cat
1023,Dog
1024,Dog
1025,Cat
1026,Dog
1027,Dog
1028,Cat
1029,Dog
1030,Cat
1031,Dog
1032,Dog
1033,Cat
1034,Dog
1035,Dog
1036,Dog
1037,Dog
1038,Dog
1039,Cat
1040,Dog
1041,Cat
1042,Cat
1043,Dog
1044,Dog
1045,Cat
1046,Dog
1047,Dog
1048,Dog
1049,Cat
1050,Dog
1051,Dog
1052,Dog
1053,Cat
1054,Dog
1055,Dog
1056,Cat
1057,Dog
1058,Cat
1059,Dog
1060,Dog
1061,Dog
1062,Dog
1063,Cat
1064,Cat
1065,Dog
1066,Dog
1067,Dog
1068,Cat
1069,Cat
1070,Dog
1071,Dog
1072,Cat
1073,Cat
1074,Dog
1075,Dog
1076,Dog
1077,Dog
1078,Cat
1079,Cat
1080,Dog
1081,Dog
1082,Cat
1083,Dog
1084,Dog
1085,Dog
1086,Cat
1087,Cat
1088,Dog
1089,Cat
1090,Dog
1091,Cat
1092,Dog
1093,Dog
1094,Cat
1095,Cat
1096,Dog
1097,Dog
1098,Cat
1099,Dog
1100,Dog
1101,Cat
1102,Dog
1103,Dog
1104,Dog
1105,Dog
1106,Dog
1107,Dog
1108,Dog
1109,Dog
1110,Dog
1111,Dog
1112,Dog
1113,Dog
1114,Dog
1115,Dog
1116,Dog
1117,Dog
1118,Dog
1119,Dog
1120,Dog
1121,Dog
1122,Cat
1123,Cat
1124,Cat
1125,Cat
1126,Dog
1127,Dog
1128,Dog
1129,Dog
1130,Dog
1131,Cat
1132,Dog
1133,Dog
1134,Dog
1135,Dog
1136,Cat
1137,Cat
1138,Dog
1139,Dog
1140,Dog
1141,Cat
1142,Dog
1143,Dog
1144,Cat
1145,Dog
1146,Dog
1147,Cat
1148,Dog
1149,Dog
1150,Cat
1151,Cat
1152,Dog
1153,Dog
1154,Dog
1155,Dog
1156,Cat
1157,Dog
1158,Dog
1159,Cat
1160,Dog
1161,Dog
1162,Cat
1163,Dog
1164,Cat
1165,Dog
1166,Cat
1167,Dog
1168,Dog
1169,Dog
1170,Cat
1171,Cat
1172,Cat
1173,Dog
1174,Dog
1175,Cat
1176,Dog
1177,Dog
1178,Dog
1179,Dog
1180,Cat
1181,Dog
1182,Dog
1183,Dog
1184,Dog
1185,Cat
1186,Cat
1187,Dog
1188,Dog
1189,Cat
1190,Dog
1191,Dog
1192,Cat
1193,Cat
1194,Dog
1195,Dog
1196,Cat
1197,Cat
1198,Dog
1199,Dog
1200,Dog
1201,Cat
1202,Dog
1203,Dog
1204,Cat
1205,Cat
1206,Cat
1207,Dog
1208,Cat
1209,Cat
1210,Cat
1211,Cat
1212,Cat
1213,Cat
1214,Dog
1215,Dog
1216,Dog
1217,Cat
1218,Cat
1219,Cat
1220,Cat
1221,Dog
1222,Cat
1223,Cat
1224,Cat
1225,Cat
1226,Cat
1227,Cat
1228,Dog
1229,Cat
1230,Dog
1231,Dog
1232,Cat
1233,Dog
1234,Cat
1235,Cat
1236,Cat
1237,Dog
1238,Dog
1239,Cat
1240,Dog
1241,Dog
1242,Dog
1243,Cat
1244,Cat
1245,Cat
1246,Cat
1247,Cat
1248,Dog
1249,Dog
1250,Cat
1251,Dog
1252,Dog
1253,Cat
1254,Dog
1255,Dog
1256,Dog
1257,Dog
1258,Dog
1259,Dog
1260,Dog
1261,Dog
1262,Cat
1263,Dog
1264,Dog
1265,Cat
1266,Cat
1267,Dog
1268,Cat
1269,Dog
1270,Cat
1271,Dog
1272,Dog
1273,Cat
1274,Cat
1275,Cat
1276,Cat
1277,Cat
1278,Dog
1279,Cat
1280,Cat
1281,Dog
1282,Dog
1283,Dog
1284,Cat
1285,Dog
1286,Dog
1287,Dog
1288,Dog
1289,Dog
1290,Dog
1291,Dog
1292,Dog
1293,Dog
1294,Dog
1295,Cat
1296,Cat
1297,Dog
1298,Dog
1299,Cat
1300,Dog
1301,Dog
1302,Dog
1303,Cat
1304,Dog
1305,Cat
1306,Dog
1307,Dog
1308,Cat
1309,Dog
1310,Dog
1311,Dog
1312,Dog
1313,Dog
1314,Cat
1315,Cat
1316,Dog
1317,Cat
1318,Cat
1319,Cat
1320,Dog
1321,Dog
1322,Dog
1323,Dog
1324,Dog
1325,Dog
1326,Dog
1327,Dog
1328,Dog
1329,Dog
1330,Cat
1331,Dog
1332,Dog
1333,Dog
1334,Dog
1335,Dog
1336,Cat
1337,Dog
1338,Dog
1339,Dog
1340,Cat
1341,Cat
1342,Cat
1343,Dog
1344,Dog
1345,Dog
1346,Cat
1347,Dog
1348,Cat
1349,Cat
1350,Dog
1351,Dog
1352,Dog
1353,Dog
1354,Dog
1355,Cat
1356,Dog
1357,Cat
1358,Cat
1359,Dog
1360,Cat
1361,Dog
1362,Cat
1363,Dog
1364,Dog
1365,Cat
1366,Cat
1367,Cat
1368,Dog
1369,Dog
1370,Cat
1371,Cat
1372,Cat
1373,Dog
1374,Dog
1375,Cat
1376,Dog
1377,Dog
1378,Dog
1379,Dog
1380,Cat
1381,Cat
1382,Dog
1383,Dog
1384,Cat
1385,Dog
1386,Cat
1387,Dog
1388,Cat
1389,Cat
1390,Cat
1391,Dog
1392,Cat
1393,Dog
1394,Dog
1395,Cat
1396,Cat
1397,Dog
1398,Cat
1399,Cat
1400,Dog
1401,Dog
1402,Dog
1403,Dog
1404,Cat
1405,Cat
1406,Dog
1407,Cat
1408,Dog
1409,Cat
1410,Cat
1411,Dog
1412,Dog
1413,Dog
1414,Cat
1415,Dog
1416,Dog
1417,Dog
1418,Cat
1419,Dog
1420,Dog
1421,Cat
1422,Cat
1423,Dog
1424,Dog
1425,Dog
1426,Dog
1427,Cat
1428,Cat
1429,Dog
1430,Dog
1431,Dog
1432,Dog
1433,Dog
1434,Dog
1435,Dog
1436,Dog
1437,Cat
1438,Dog
1439,Dog
1440,Cat
1441,Dog
1442,Cat
1443,Cat
1444,Dog
1445,Cat
1446,Cat
1447,Cat
1448,Dog
1449,Cat
1450,Dog
1451,Cat
1452,Cat
1453,Cat
1454,Dog
1455,Cat
1456,Dog
1457,Cat
1458,Cat
1459,Cat
1460,Cat
1461,Dog
1462,Cat
1463,Dog
1464,Dog
1465,Dog
1466,Dog
1467,Dog
1468,Cat
1469,Dog
1470,Cat
1471,Cat
1472,Cat
1473,Cat
1474,Cat
1475,Dog
1476,Dog
1477,Dog
1478,Cat
1479,Dog
1480,Dog
1481,Dog
1482,Cat
1483,Dog
1484,Dog
1485,Dog
1486,Dog
1487,Dog
1488,Cat
1489,Cat
1490,Dog
1491,Cat
1492,Cat
1493,Cat
1494,Dog
1495,Dog
1496,Cat
1497,Cat
1498,Cat
1499,Dog
1500,Dog
1501,Cat
1502,Cat
1503,Dog
1504,Cat
1505,Dog
1506,Dog
1507,Cat
1508,Cat
1509,Dog
1510,Cat
1511,Cat
1512,Cat
1513,Cat
1514,Dog
1515,Dog
1516,Cat
1517,Cat
1518,Cat
1519,Dog
1520,Dog
1521,Cat
1522,Cat
1523,Cat
1524,Cat
1525,Dog
1526,Dog
1527,Cat
1528,Cat
1529,Dog
1530,Cat
1531,Dog
1532,Dog
1533,Dog
1534,Cat
1535,Dog
1536,Dog
1537,Dog
1538,Cat
1539,Cat
1540,Cat
1541,Cat
1542,Dog
1543,Cat
1544,Dog
1545,Dog
1546,Cat
1547,Cat
1548,Dog
1549,Dog
1550,Dog
1551,Dog
1552,Cat
1553,Cat
1554,Dog
1555,Cat
1556,Dog
1557,Dog
1558,Dog
1559,Cat
1560,Cat
1561,Dog
1562,Dog
1563,Cat
1564,Cat
1565,Dog
1566,Cat
1567,Cat
1568,Cat
1569,Cat
1570,Cat
1571,Dog
1572,Cat
1573,Dog
1574,Dog
1575,Cat
1576,Dog
1577,Cat
1578,Dog
1579,Cat
1580,Cat
1581,Dog
1582,Cat
1583,Dog
1584,Cat
1585,Dog
1586,Dog
1587,Dog
1588,Dog
1589,Dog
1590,Dog
1591,Cat
1592,Dog
1593,Cat
1594,Cat
1595,Dog
1596,Cat
1597,Dog
1598,Cat
1599,Dog
1600,Cat
1601,Dog
1602,Dog
1603,Dog
1604,Dog
1605,Dog
1606,Dog
1607,Dog
1608,Dog
1609,Cat
1610,Cat
1611,Cat
1612,Cat
1613,Dog
1614,Cat
1615,Cat
1616,Dog
1617,Cat
1618,Dog
1619,Dog
1620,Cat
1621,Cat
1622,Dog
1623,Dog
1624,Cat
1625,Cat
1626,Dog
1627,Dog
1628,Cat
1629,Cat
1630,Dog
1631,Cat
1632,Cat
1633,Dog
1634,Dog
1635,Cat
1636,Dog
1637,Cat
1638,Cat
1639,Dog
1640,Cat
1641,Dog
1642,Dog
1643,Cat
1644,Dog
1645,Cat
1646,Cat
1647,Cat
1648,Cat
1649,Cat
1650,Cat
1651,Dog
1652,Dog
1653,Dog
1654,Cat
1655,Cat
1656,Cat
1657,Dog
1658,Cat
1659,Dog
1660,Dog
1661,Dog
1662,Dog
1663,Dog
1664,Dog
1665,Dog
1666,Dog
1667,Cat
1668,Dog
1669,Cat
1670,Cat
1671,Cat
1672,Cat
1673,Dog
1674,Cat
1675,Cat
1676,Dog
1677,Dog
1678,Cat
1679,Cat
1680,Dog
1681,Dog
1682,Dog
1683,Cat
1684,Cat
1685,Cat
1686,Dog
1687,Cat
1688,Dog
1689,Dog
1690,Dog
1691,Dog
1692,Dog
1693,Dog
1694,Dog
1695,Dog
1696,Cat
1697,Dog
1698,Dog
1699,Dog
1700,Dog
1701,Cat
1702,Cat
1703,Dog
1704,Cat
1705,Cat
1706,Dog
1707,Cat
1708,Cat
1709,Cat
1710,Dog
1711,Dog
1712,Cat
1713,Cat
1714,Dog
1715,Dog
1716,Cat
1717,Dog
1718,Cat
1719,Dog
1720,Dog
1721,Dog
1722,Cat
1723,Cat
1724,Dog
1725,Cat
1726,Cat
1727,Cat
1728,Dog
1729,Dog
1730,Dog
1731,Dog
1732,Dog
1733,Dog
1734,Dog
1735,Cat
1736,Dog
1737,Dog
1738,Dog
1739,Cat
1740,Cat
1741,Cat
1742,Cat
1743,Cat
1744,Dog
1745,Dog
1746,Cat
1747,Cat
1748,Dog
1749,Dog
1750,Dog
1751,Dog
1752,Cat
1753,Dog
1754,Dog
1755,Dog
1756,Dog
1757,Dog
1758,Dog
1759,Dog
1760,Cat
1761,Dog
1762,Dog
1763,Dog
1764,Dog
1765,Dog
1766,Cat
1767,Dog
1768,Cat
1769,Cat
1770,Dog
1771,Dog
1772,Dog
1773,Dog
1774,Dog
1775,Cat
1776,Dog
1777,Cat
1778,Dog
1779,Dog
1780,Dog
1781,Cat
1782,Dog
1783,Dog
1784,Dog
1785,Cat
1786,Cat
1787,Cat
1788,Dog
1789,Dog
1790,Dog
1791,Dog
1792,Dog
1793,Cat
1794,Cat
1795,Dog
1796,Dog
1797,Cat
1798,Dog
1799,Dog
1800,Dog
1801,Cat
1802,Dog
1803,Cat
1804,Dog
1805,Dog
1806,Cat
1807,Dog
1808,Cat
1809,Dog
1810,Dog
1811,Cat
1812,Dog
1813,Cat
1814,Cat
1815,Dog
1816,Dog
1817,Cat
1818,Dog
1819,Dog
1820,Dog
1821,Cat
1822,Cat
1823,Dog
1824,Cat
1825,Cat
1826,Dog
1827,Cat
1828,Dog
1829,Cat
1830,Cat
1831,Dog
1832,Cat
1833,Cat
1834,Cat
1835,Cat
1836,Dog
1837,Dog
1838,Dog
1839,Dog
1840,Dog
1841,Dog
1842,Dog
1843,Dog
1844,Dog
1845,Dog
1846,Dog
1847,Dog
1848,Dog
1849,Dog
1850,Dog
1851,Dog
1852,Dog
1853,Dog
1854,Cat
1855,Dog
1856,Dog
1857,Cat
1858,Dog
1859,Cat
1860,Dog
1861,Dog
1862,Dog
1863,Dog
1864,Dog
1865,Dog
1866,Dog
1867,Dog
1868,Dog
1869,Dog
1870,Cat
1871,Cat
1872,Cat
1873,Cat
1874,Cat
1875,Cat
1876,Cat
1877,Cat
1878,Cat
1879,Dog
1880,Cat
1881,Dog
1882,Dog
1883,Dog
1884,Cat
1885,Dog
1886,Dog
1887,Cat
1888,Dog
1889,Dog
1890,Cat
1891,Cat
1892,Dog
1893,Cat
1894,Cat
1895,Dog
1896,Dog
1897,Cat
1898,Dog
1899,Dog
1900,Cat
1901,Dog
1902,Cat
1903,Cat
1904,Dog
1905,Cat
1906,Dog
1907,Dog
1908,Dog
1909,Cat
1910,Cat
1911,Dog
1912,Cat
1913,Cat
1914,Dog
1915,Dog
1916,Cat
1917,Dog
1918,Cat
1919,Dog
1920,Cat
1921,Dog
1922,Dog
1923,Dog
1924,Dog
1925,Cat
1926,Dog
1927,Dog
1928,Cat
1929,Dog
1930,Dog
1931,Dog
1932,Dog
1933,Cat
1934,Dog
1935,Dog
1936,Dog
1937,Dog
1938,Cat
1939,Dog
1940,Dog
1941,Cat
1942,Dog
1943,Cat
1944,Cat
1945,Dog
1946,Dog
1947,Cat
1948,Cat
1949,Cat
1950,Dog
1951,Dog
1952,Cat
1953,Cat
1954,Cat
1955,Dog
1956,Cat
1957,Dog
1958,Cat
1959,Dog
1960,Dog
1961,Cat
1962,Cat
1963,Dog
1964,Dog
1965,Dog
1966,Dog
1967,Cat
1968,Dog
1969,Dog
1970,Dog
1971,Dog
1972,Dog
1973,Dog
1974,Cat
1975,Cat
1976,Cat
1977,Cat
1978,Dog
1979,Cat
1980,Dog
1981,Cat
1982,Cat
1983,Cat
1984,Dog
1985,Dog
1986,Dog
1987,Dog
1988,Cat
1989,Dog
1990,Cat
1991,Cat
1992,Dog
1993,Dog
1994,Cat
1995,Cat
1996,Dog
1997,Cat
1998,Dog
1999,Dog
2000,Cat
2001,Dog
2002,Cat
2003,Dog
2004,Dog
2005,Dog
2006,Dog
2007,Dog
2008,Dog
2009,Dog
2010,Cat
2011,Dog
2012,Cat
2013,Dog
2014,Cat
2015,Dog
2016,Dog
2017,Dog
2018,Dog
2019,Dog
2020,Cat
2021,Dog
2022,Dog
2023,Cat
2024,Cat
2025,Dog
2026,Cat
2027,Dog
2028,Dog
2029,Cat
2030,Dog
2031,Cat
2032,Dog
2033,Cat
2034,Dog
2035,Dog
2036,Dog
2037,Dog
2038,Cat
2039,Dog
2040,Cat
2041,Dog
2042,Dog
2043,Dog
2044,Dog
2045,Cat
2046,Dog
2047,Cat
2048,Dog
2049,Cat
2050,Cat
2051,Cat
2052,Dog
2053,Cat
2054,Cat
2055,Dog
2056,Cat
2057,Cat
2058,Dog
2059,Cat
2060,Cat
2061,Dog
2062,Dog
2063,Dog
2064,Cat
2065,Cat
2066,Dog
2067,Cat
2068,Dog
2069,Dog
2070,Cat
2071,Cat
2072,Dog
2073,Dog
2074,Dog
2075,Dog
2076,Dog
2077,Cat
2078,Dog
2079,Cat
2080,Cat
2081,Dog
2082,Cat
2083,Dog
2084,Dog
2085,Dog
2086,Dog
2087,Cat
2088,Dog
2089,Cat
2090,Cat
2091,Dog
2092,Dog
2093,Dog
2094,Dog
2095,Cat
2096,Cat
2097,Dog
2098,Cat
2099,Cat
2100,Cat
2101,Cat
2102,Cat
2103,Dog
2104,Dog
2105,Dog
2106,Dog
2107,Dog
2108,Dog
2109,Dog
2110,Cat
2111,Dog
2112,Dog
2113,Dog
2114,Cat
2115,Cat
2116,Dog
2117,Dog
2118,Dog
2119,Cat
2120,Cat
2121,Dog
2122,Dog
2123,Cat
2124,Dog
2125,Dog
2126,Dog
2127,Cat
2128,Cat
2129,Cat
2130,Dog
2131,Cat
2132,Dog
2133,Dog
2134,Dog
2135,Cat
2136,Dog
2137,Dog
2138,Dog
2139,Dog
2140,Dog
2141,Dog
2142,Cat
2143,Dog
2144,Cat
2145,Cat
2146,Dog
2147,Cat
2148,Cat
2149,Dog
2150,Cat
2151,Dog
2152,Cat
2153,Cat
2154,Cat
2155,Cat
2156,Dog
2157,Cat
2158,Cat
2159,Cat
2160,Dog
2161,Dog
2162,Dog
2163,Dog
2164,Dog
2165,Dog
2166,Cat
2167,Cat
2168,Cat
2169,Dog
2170,Dog
2171,Dog
2172,Cat
2173,Dog
2174,Cat
2175,Dog
2176,Dog
2177,Dog
2178,Cat
2179,Dog
2180,Dog
2181,Cat
2182,Dog
2183,Cat
2184,Cat
2185,Dog
2186,Dog
2187,Dog
2188,Dog
2189,Dog
2190,Dog
2191,Cat
2192,Dog
2193,Cat
2194,Dog
2195,Dog
2196,Cat
2197,Dog
2198,Dog
2199,Cat
2200,Cat
2201,Cat
2202,Cat
2203,Cat
2204,Cat
2205,Cat
2206,Dog
2207,Dog
2208,Dog
2209,Cat
2210,Dog
2211,Cat
2212,Dog
2213,Dog
2214,Dog
2215,Dog
2216,Dog
2217,Dog
2218,Dog
2219,Cat
2220,Dog
2221,Dog
2222,Cat
2223,Cat
2224,Cat
2225,Cat
2226,Cat
2227,Dog
2228,Dog
2229,Dog
2230,Cat
2231,Cat
2232,Dog
2233,Cat
2234,Cat
2235,Cat
2236,Cat
2237,Cat
2238,Dog
2239,Cat
2240,Cat
2241,Cat
2242,Cat
2243,Dog
2244,Dog
2245,Cat
2246,Dog
2247,Cat
2248,Cat
2249,Dog
2250,Cat
2251,Cat
2252,Cat
2253,Dog
2254,Dog
2255,Cat
2256,Dog
2257,Dog
2258,Cat
2259,Dog
2260,Dog
2261,Dog
2262,Cat
2263,Cat
2264,Dog
2265,Dog
2266,Dog
2267,Cat
2268,Cat
2269,Cat
2270,Cat
2271,Cat
2272,Cat
2273,Cat
2274,Dog
2275,Cat
2276,Dog
2277,Cat
2278,Dog
2279,Dog
2280,Cat
2281,Cat
2282,Cat
2283,Dog
2284,Dog
2285,Dog
2286,Cat
2287,Cat
2288,Dog
2289,Dog
2290,Dog
2291,Dog
2292,Cat
2293,Dog
2294,Dog
2295,Dog
2296,Dog
2297,Dog
2298,Cat
2299,Cat
2300,Cat
2301,Dog
2302,Cat
2303,Cat
2304,Dog
2305,Cat
2306,Cat
2307,Dog
2308,Cat
2309,Dog
2310,Cat
2311,Cat
2312,Dog
2313,Cat
2314,Dog
2315,Cat
2316,Cat
2317,Dog
2318,Cat
2319,Cat
2320,Dog
2321,Cat
2322,Dog
2323,Dog
2324,Cat
2325,Cat
2326,Dog
2327,Dog
2328,Dog
2329,Dog
2330,Dog
2331,Dog
2332,Dog
2333,Dog
2334,Dog
2335,Dog
2336,Dog
2337,Cat
2338,Dog
2339,Cat
2340,Dog
2341,Cat
2342,Cat
2343,Dog
2344,Dog
2345,Dog
2346,Dog
2347,Cat
2348,Dog
2349,Dog
2350,Cat
2351,Dog
2352,Dog
2353,Dog
2354,Dog
2355,Cat
2356,Dog
2357,Dog
2358,Dog
2359,Cat
2360,Cat
2361,Dog
2362,Dog
2363,Dog
2364,Dog
2365,Dog
2366,Dog
2367,Cat
2368,Dog
2369,Dog
2370,Dog
2371,Cat
2372,Cat
2373,Cat
2374,Dog
2375,Dog
2376,Dog
2377,Cat
2378,Cat
2379,Cat
2380,Dog
2381,Dog
2382,Cat
2383,Dog
2384,Dog
2385,Dog
2386,Dog
2387,Cat
2388,Dog
2389,Dog
2390,Dog
2391,Dog
2392,Dog
2393,Dog
2394,Cat
2395,Dog
2396,Dog
2397,Dog
2398,Dog
2399,Cat
2400,Dog
2401,Dog
2402,Cat
2403,Dog
2404,Cat
2405,Dog
2406,Cat
2407,Dog
2408,Dog
2409,Cat
2410,Cat
2411,Dog
2412,Dog
2413,Dog
2414,Dog
2415,Cat
2416,Cat
2417,Dog
2418,Cat
2419,Cat
2420,Dog
2421,Dog
2422,Dog
2423,Dog
2424,Dog
2425,Cat
2426,Dog
2427,Dog
2428,Cat
2429,Cat
2430,Dog
2431,Dog
2432,Cat
2433,Cat
2434,Dog
2435,Cat
2436,Cat
2437,Dog
2438,Dog
2439,Dog
2440,Cat
2441,Dog
2442,Dog
2443,Cat
2444,Dog
2445,Cat
2446,Dog
2447,Cat
2448,Cat
2449,Dog
2450,Cat
2451,Dog
2452,Cat
2453,Cat
2454,Dog
2455,Dog
2456,Cat
2457,Dog
2458,Dog
2459,Dog
2460,Dog
2461,Dog
2462,Cat
2463,Dog
2464,Dog
2465,Cat
2466,Dog
2467,Dog
2468,Cat
2469,Dog
2470,Dog
2471,Dog
2472,Cat
2473,Cat
2474,Cat
2475,Cat
2476,Cat
2477,Dog
2478,Cat
2479,Dog
2480,Dog
2481,Dog
2482,Dog
2483,Cat
2484,Cat
2485,Dog
2486,Dog
2487,Dog
2488,Dog
2489,Dog
2490,Cat
2491,Dog
2492,Dog
2493,Cat
2494,Cat
2495,Dog
2496,Dog
2497,Cat
2498,Cat
2499,Dog
2500,Dog
2501,Cat
2502,Dog
2503,Dog
2504,Cat
2505,Cat
2506,Cat
2507,Cat
2508,Dog
2509,Dog
2510,Cat
2511,Cat
2512,Dog
2513,Dog
2514,Dog
2515,Cat
2516,Dog
2517,Cat
2518,Cat
2519,Cat
2520,Cat
2521,Cat
2522,Dog
2523,Dog
2524,Dog
2525,Dog
2526,Dog
2527,Dog
2528,Cat
2529,Cat
2530,Dog
2531,Dog
2532,Cat
2533,Cat
2534,Dog
2535,Cat
2536,Cat
2537,Dog
2538,Dog
2539,Dog
2540,Cat
2541,Cat
2542,Dog
2543,Dog
2544,Cat
2545,Cat
2546,Cat
2547,Dog
2548,Cat
2549,Dog
2550,Dog
2551,Dog
2552,Cat
2553,Dog
2554,Dog
2555,Cat
2556,Dog
2557,Dog
2558,Cat
2559,Dog
2560,Dog
2561,Dog
2562,Dog
2563,Cat
2564,Dog
2565,Cat
2566,Cat
2567,Dog
2568,Dog
2569,Cat
2570,Cat
2571,Cat
2572,Dog
2573,Dog
2574,Cat
2575,Dog
2576,Cat
2577,Dog
2578,Dog
2579,Cat
2580,Dog
2581,Cat
2582,Cat
2583,Cat
2584,Dog
2585,Cat
2586,Cat
2587,Dog
2588,Dog
2589,Cat
2590,Cat
2591,Dog
2592,Dog
2593,Cat
2594,Cat
2595,Cat
2596,Cat
2597,Cat
2598,Dog
2599,Cat
2600,Dog
2601,Cat
2602,Dog
2603,Dog
2604,Dog
2605,Cat
2606,Dog
2607,Cat
2608,Dog
2609,Dog
2610,Dog
2611,Dog
2612,Dog
2613,Cat
2614,Cat
2615,Dog
2616,Dog
2617,Dog
2618,Dog
2619,Cat
2620,Dog
2621,Dog
2622,Dog
2623,Dog
2624,Cat
2625,Cat
2626,Dog
2627,Dog
2628,Cat
2629,Dog
2630,Dog
2631,Dog
2632,Cat
2633,Dog
2634,Dog
2635,Dog
2636,Dog
2637,Cat
2638,Dog
2639,Dog
2640,Dog
2641,Dog
2642,Dog
2643,Cat
2644,Cat
2645,Cat
2646,Dog
2647,Cat
2648,Dog
2649,Dog
2650,Dog
2651,Dog
2652,Cat
2653,Cat
2654,Cat
2655,Dog
2656,Dog
2657,Cat
2658,Dog
2659,Cat
2660,Dog
2661,Dog
2662,Cat
2663,Cat
2664,Dog
2665,Dog
2666,Dog
2667,Cat
2668,Dog
2669,Cat
2670,Cat
2671,Dog
2672,Dog
2673,Cat
2674,Dog
2675,Cat
2676,Dog
2677,Dog
2678,Dog
2679,Cat
2680,Cat
2681,Cat
2682,Cat
2683,Dog
2684,Dog
2685,Cat
2686,Dog
2687,Cat
2688,Cat
2689,Cat
2690,Dog
2691,Dog
2692,Cat
2693,Cat
2694,Cat
2695,Dog
2696,Dog
2697,Dog
2698,Dog
2699,Cat
2700,Dog
2701,Cat
2702,Dog
2703,Dog
2704,Dog
2705,Cat
2706,Dog
2707,Cat
2708,Cat
2709,Dog
2710,Cat
2711,Cat
2712,Cat
2713,Dog
2714,Dog
2715,Cat
2716,Dog
2717,Dog
2718,Dog
2719,Cat
2720,Dog
2721,Dog
2722,Cat
2723,Dog
2724,Cat
2725,Cat
2726,Dog
2727,Dog
2728,Cat
2729,Dog
2730,Cat
2731,Dog
2732,Cat
2733,Cat
2734,Cat
2735,Cat
2736,Cat
2737,Dog
2738,Dog
2739,Cat
2740,Dog
2741,Dog
2742,Dog
2743,Cat
2744,Dog
2745,Cat
2746,Cat
2747,Cat
2748,Dog
2749,Dog
2750,Cat
2751,Cat
2752,Dog
2753,Dog
2754,Dog
2755,Dog
2756,Cat
2757,Cat
2758,Dog
2759,Dog
2760,Cat
2761,Dog
2762,Dog
2763,Cat
2764,Dog
2765,Dog
2766,Cat
2767,Dog
2768,Dog
2769,Cat
2770,Dog
2771,Dog
2772,Cat
2773,Dog
2774,Cat
2775,Cat
2776,Cat
2777,Cat
2778,Dog
2779,Cat
2780,Cat
2781,Cat
2782,Cat
2783,Dog
2784,Dog
2785,Dog
2786,Dog
2787,Dog
2788,Cat
2789,Dog
2790,Dog
2791,Dog
2792,Cat
2793,Cat
2794,Cat
2795,Dog
2796,Dog
2797,Cat
2798,Dog
2799,Cat
2800,Dog
2801,Cat
2802,Dog
2803,Dog
2804,Cat
2805,Cat
2806,Cat
2807,Dog
2808,Cat
2809,Cat
2810,Dog
2811,Dog
2812,Cat
2813,Cat
2814,Cat
2815,Cat
2816,Cat
2817,Dog
2818,Cat
2819,Dog
2820,Dog
2821,Cat
2822,Dog
2823,Cat
2824,Cat
2825,Dog
2826,Cat
2827,Dog
2828,Cat
2829,Dog
2830,Cat
2831,Dog
2832,Dog
2833,Cat
2834,Dog
2835,Cat
2836,Cat
2837,Dog
2838,Cat
2839,Dog
2840,Dog
2841,Dog
2842,Dog
2843,Dog
2844,Cat
2845,Dog
2846,Dog
2847,Dog
2848,Dog
2849,Cat
2850,Cat
2851,Cat
2852,Cat
2853,Dog
2854,Dog
2855,Dog
2856,Cat
2857,Cat
2858,Cat
2859,Cat
2860,Dog
2861,Cat
2862,Dog
2863,Dog
2864,Dog
2865,Dog
2866,Dog
2867,Dog
2868,Cat
2869,Cat
2870,Dog
2871,Cat
2872,Dog
2873,Dog
2874,Dog
2875,Dog
2876,Cat
2877,Dog
2878,Dog
2879,Cat
2880,Dog
2881,Dog
2882,Cat
2883,Cat
2884,Cat
2885,Dog
2886,Cat
2887,Cat
2888,Cat
2889,Dog
2890,Cat
2891,Cat
2892,Dog
2893,Cat
2894,Cat
2895,Dog
2896,Dog
2897,Cat
2898,Dog
2899,Dog
2900,Dog
2901,Cat
2902,Cat
2903,Cat
2904,Dog
2905,Cat
2906,Cat
2907,Dog
2908,Cat
2909,Dog
2910,Cat
2911,Dog
2912,Cat
2913,Cat
2914,Dog
2915,Cat
2916,Dog
2917,Cat
2918,Cat
2919,Cat
2920,Cat
2921,Cat
2922,Dog
2923,Dog
2924,Dog
2925,Dog
2926,Cat
2927,Dog
2928,Dog
2929,Dog
2930,Cat
2931,Dog
2932,Cat
2933,Cat
2934,Dog
2935,Dog
2936,Dog
2937,Cat
2938,Dog
2939,Dog
2940,Dog
2941,Dog
2942,Dog
2943,Cat
2944,Dog
2945,Cat
2946,Dog
2947,Dog
2948,Dog
2949,Cat
2950,Cat
2951,Dog
2952,Cat
2953,Cat
2954,Dog
2955,Dog
2956,Dog
2957,Cat
2958,Cat
2959,Dog
2960,Cat
2961,Dog
2962,Cat
2963,Dog
2964,Cat
2965,Dog
2966,Cat
2967,Dog
2968,Dog
2969,Dog
2970,Dog
2971,Cat
2972,Cat
2973,Dog
2974,Cat
2975,Dog
2976,Cat
2977,Dog
2978,Dog
2979,Dog
2980,Cat
2981,Cat
2982,Cat
2983,Cat
2984,Dog
2985,Cat
2986,Cat
2987,Dog
2988,Cat
2989,Dog
2990,Cat
2991,Cat
2992,Cat
2993,Dog
2994,Cat
2995,Dog
2996,Cat
2997,Cat
2998,Cat
2999,Cat
3000,Dog
3001,Cat
3002,Dog
3003,Cat
3004,Dog
3005,Dog
3006,Cat
3007,Dog
3008,Dog
3009,Cat
3010,Dog
3011,Dog
3012,Dog
3013,Dog
3014,Cat
3015,Dog
3016,Cat
3017,Cat
3018,Dog
3019,Dog
3020,Cat
3021,Dog
3022,Dog
3023,Dog
3024,Dog
3025,Cat
3026,Dog
3027,Dog
3028,Cat
3029,Cat
3030,Cat
3031,Dog
3032,Cat
3033,Cat
3034,Dog
3035,Dog
3036,Cat
3037,Dog
3038,Dog
3039,Dog
3040,Dog
3041,Dog
3042,Dog
3043,Dog
3044,Dog
3045,Cat
3046,Cat
3047,Cat
3048,Cat
3049,Dog
3050,Dog
3051,Cat
3052,Dog
3053,Dog
3054,Dog
3055,Dog
3056,Dog
3057,Dog
3058,Dog
3059,Dog
3060,Dog
3061,Cat
3062,Cat
3063,Dog
3064,Dog
3065,Cat
3066,Dog
3067,Dog
3068,Cat
3069,Dog
3070,Dog
3071,Cat
3072,Dog
3073,Cat
3074,Dog
3075,Dog
3076,Dog
3077,Dog
3078,Dog
3079,Dog
3080,Cat
3081,Cat
3082,Dog
3083,Cat
3084,Cat
3085,Cat
3086,Cat
3087,Cat
3088,Dog
3089,Cat
3090,Cat
3091,Dog
3092,Cat
3093,Dog
3094,Cat
3095,Cat
3096,Dog
3097,Cat
3098,Dog
3099,Cat
3100,Dog
3101,Cat
3102,Dog
3103,Cat
3104,Dog
3105,Dog
3106,Dog
3107,Dog
3108,Dog
3109,Dog
3110,Cat
3111,Cat
3112,Dog
3113,Dog
3114,Dog
3115,Dog
3116,Cat
3117,Dog
3118,Dog
3119,Cat
3120,Dog
3121,Cat
3122,Dog
3123,Dog
3124,Cat
3125,Dog
3126,Dog
3127,Cat
3128,Dog
3129,Cat
3130,Dog
3131,Dog
3132,Dog
3133,Cat
3134,Cat
3135,Cat
3136,Dog
3137,Dog
3138,Dog
3139,Cat
3140,Dog
3141,Cat
3142,Dog
3143,Dog
3144,Cat
3145,Dog
3146,Dog
3147,Cat
3148,Cat
3149,Dog
3150,Dog
3151,Dog
3152,Cat
3153,Dog
3154,Cat
3155,Dog
3156,Cat
3157,Dog
3158,Cat
3159,Dog
3160,Dog
3161,Cat
3162,Dog
3163,Dog
3164,Dog
3165,Cat
3166,Cat
3167,Cat
3168,Cat
3169,Dog
3170,Dog
3171,Cat
3172,Cat
3173,Cat
3174,Cat
3175,Cat
3176,Dog
3177,Dog
3178,Dog
3179,Dog
3180,Dog
3181,Cat
3182,Dog
3183,Dog
3184,Dog
3185,Cat
3186,Dog
3187,Cat
3188,Cat
3189,Dog
3190,Cat
3191,Dog
3192,Dog
3193,Cat
3194,Dog
3195,Dog
3196,Dog
3197,Dog
3198,Cat
3199,Dog
3200,Cat
3201,Cat
3202,Cat
3203,Dog
3204,Dog
3205,Cat
3206,Dog
3207,Dog
3208,Cat
3209,Dog
3210,Cat
3211,Dog
3212,Dog
3213,Dog
3214,Cat
3215,Cat
3216,Dog
3217,Dog
3218,Cat
3219,Dog
3220,Cat
3221,Dog
3222,Cat
3223,Dog
3224,Dog
3225,Dog
3226,Dog
3227,Dog
3228,Cat
3229,Dog
3230,Cat
3231,Dog
3232,Cat
3233,Cat
3234,Dog
3235,Dog
3236,Dog
3237,Dog
3238,Dog
3239,Dog
3240,Dog
3241,Cat
3242,Dog
3243,Dog
3244,Dog
3245,Dog
3246,Cat
3247,Cat
3248,Cat
3249,Cat
3250,Dog
3251,Dog
3252,Dog
3253,Dog
3254,Cat
3255,Cat
3256,Cat
3257,Cat
3258,Dog
3259,Cat
3260,Cat
3261,Cat
3262,Cat
3263,Cat
3264,Cat
3265,Cat
3266,Dog
3267,Cat
3268,Dog
3269,Cat
3270,Dog
3271,Cat
3272,Dog
3273,Cat
3274,Cat
3275,Cat
3276,Cat
3277,Dog
3278,Dog
3279,Dog
3280,Dog
3281,Dog
3282,Cat
3283,Dog
3284,Dog
3285,Cat
3286,Dog
3287,Cat
3288,Cat
3289,Dog
3290,Cat
3291,Cat
3292,Cat
3293,Dog
3294,Cat
3295,Cat
3296,Cat
3297,Cat
3298,Cat
3299,Dog
3300,Dog
3301,Cat
3302,Dog
3303,Dog
3304,Cat
3305,Cat
3306,Cat
3307,Dog
3308,Dog
3309,Dog
3310,Dog
3311,Cat
3312,Cat
3313,Cat
3314,Dog
3315,Dog
3316,Cat
3317,Cat
3318,Dog
3319,Cat
3320,Dog
3321,Cat
3322,Cat
3323,Cat
3324,Dog
3325,Dog
3326,Dog
3327,Dog
3328,Dog
3329,Cat
3330,Dog
3331,Dog
3332,Cat
3333,Dog
3334,Dog
3335,Cat
3336,Dog
3337,Dog
3338,Dog
3339,Cat
3340,Cat
3341,Dog
3342,Cat
3343,Dog
3344,Cat
3345,Dog
3346,Dog
3347,Dog
3348,Dog
3349,Cat
3350,Dog
3351,Dog
3352,Cat
3353,Dog
3354,Dog
3355,Cat
3356,Cat
3357,Dog
3358,Dog
3359,Dog
3360,Cat
3361,Cat
3362,Cat
3363,Dog
3364,Cat
3365,Cat
3366,Cat
3367,Cat
3368,Cat
3369,Dog
3370,Dog
3371,Dog
3372,Dog
3373,Dog
3374,Dog
3375,Cat
3376,Dog
3377,Dog
3378,Dog
3379,Dog
3380,Dog
3381,Dog
3382,Dog
3383,Cat
3384,Dog
3385,Dog
3386,Dog
3387,Cat
3388,Cat
3389,Dog
3390,Dog
3391,Cat
3392,Dog
3393,Dog
3394,Cat
3395,Cat
3396,Cat
3397,Cat
3398,Cat
3399,Cat
3400,Dog
3401,Cat
3402,Cat
3403,Dog
3404,Dog
3405,Dog
3406,Dog
3407,Cat
3408,Dog
3409,Dog
3410,Cat
3411,Cat
3412,Cat
3413,Cat
3414,Cat
3415,Dog
3416,Dog
3417,Dog
3418,Cat
3419,Dog
3420,Dog
3421,Dog
3422,Cat
3423,Dog
3424,Dog
3425,Cat
3426,Dog
3427,Dog
3428,Cat
3429,Dog
3430,Dog
3431,Cat
3432,Cat
3433,Dog
3434,Dog
3435,Dog
3436,Dog
3437,Cat
3438,Cat
3439,Cat
3440,Dog
3441,Cat
3442,Cat
3443,Cat
3444,Dog
3445,Dog
3446,Cat
3447,Cat
3448,Cat
3449,Dog
3450,Cat
3451,Cat
3452,Dog
3453,Dog
3454,Dog
3455,Cat
3456,Dog
3457,Dog
3458,Dog
3459,Cat
3460,Dog
3461,Cat
3462,Dog
3463,Dog
3464,Dog
3465,Dog
3466,Dog
3467,Dog
3468,Dog
3469,Dog
3470,Dog
3471,Cat
3472,Dog
3473,Dog
3474,Cat
3475,Cat
3476,Dog
3477,Cat
3478,Dog
3479,Dog
3480,Dog
3481,Dog
3482,Cat
3483,Cat
3484,Cat
3485,Dog
3486,Dog
3487,Dog
3488,Dog
3489,Dog
3490,Dog
3491,Dog
3492,Dog
3493,Dog
3494,Dog
3495,Cat
3496,Dog
3497,Cat
3498,Cat
3499,Dog
3500,Dog
3501,Cat
3502,Cat
3503,Cat
3504,Cat
3505,Dog
3506,Dog
3507,Dog
3508,Cat
3509,Dog
3510,Dog
3511,Dog
3512,Dog
3513,Dog
3514,Dog
3515,Cat
3516,Dog
3517,Cat
3518,Cat
3519,Dog
3520,Cat
3521,Cat
3522,Cat
3523,Cat
3524,Cat
3525,Dog
3526,Dog
3527,Dog
3528,Cat
3529,Dog
3530,Cat
3531,Dog
3532,Cat
3533,Dog
3534,Cat
3535,Cat
3536,Cat
3537,Cat
3538,Dog
3539,Dog
3540,Cat
3541,Cat
3542,Dog
3543,Cat
3544,Dog
3545,Dog
3546,Cat
3547,Dog
3548,Dog
3549,Dog
3550,Cat
3551,Dog
3552,Cat
3553,Cat
3554,Dog
3555,Cat
3556,Cat
3557,Cat
3558,Dog
3559,Dog
3560,Dog
3561,Dog
3562,Cat
3563,Cat
3564,Cat
3565,Dog
3566,Dog
3567,Cat
3568,Dog
3569,Dog
3570,Dog
3571,Dog
3572,Dog
3573,Cat
3574,Dog
3575,Cat
3576,Dog
3577,Dog
3578,Dog
3579,Dog
3580,Cat
3581,Cat
3582,Cat
3583,Cat
3584,Cat
3585,Cat
3586,Dog
3587,Cat
3588,Cat
3589,Dog
3590,Cat
3591,Cat
3592,Dog
3593,Dog
3594,Dog
3595,Dog
3596,Dog
3597,Dog
3598,Dog
3599,Dog
3600,Dog
3601,Dog
3602,Dog
3603,Dog
3604,Dog
3605,Dog
3606,Dog
3607,Cat
3608,Dog
3609,Cat
3610,Dog
3611,Dog
3612,Cat
3613,Cat
3614,Cat
3615,Dog
3616,Cat
3617,Dog
3618,Cat
3619,Dog
3620,Cat
3621,Cat
3622,Cat
3623,Dog
3624,Dog
3625,Cat
3626,Dog
3627,Dog
3628,Dog
3629,Dog
3630,Cat
3631,Cat
3632,Cat
3633,Dog
3634,Cat
3635,Cat
3636,Cat
3637,Cat
3638,Dog
3639,Dog
3640,Cat
3641,Cat
3642,Dog
3643,Dog
3644,Dog
3645,Dog
3646,Cat
3647,Dog
3648,Cat
3649,Dog
3650,Dog
3651,Cat
3652,Dog
3653,Cat
3654,Cat
3655,Cat
3656,Cat
3657,Cat
3658,Dog
3659,Cat
3660,Cat
3661,Cat
3662,Cat
3663,Dog
3664,Dog
3665,Dog
3666,Cat
3667,Cat
3668,Dog
3669,Dog
3670,Dog
3671,Cat
3672,Dog
3673,Cat
3674,Dog
3675,Cat
3676,Cat
3677,Dog
3678,Cat
3679,Dog
3680,Cat
3681,Dog
3682,Dog
3683,Dog
3684,Dog
3685,Dog
3686,Cat
3687,Dog
3688,Dog
3689,Cat
3690,Cat
3691,Dog
3692,Dog
3693,Dog
3694,Dog
3695,Dog
3696,Dog
3697,Cat
3698,Dog
3699,Dog
3700,Dog
3701,Dog
3702,Dog
3703,Cat
3704,Cat
3705,Dog
3706,Dog
3707,Dog
3708,Dog
3709,Cat
3710,Dog
3711,Cat
3712,Dog
3713,Dog
3714,Dog
3715,Dog
3716,Dog
3717,Dog
3718,Dog
3719,Cat
3720,Dog
3721,Cat
3722,Dog
3723,Dog
3724,Dog
3725,Dog
3726,Cat
3727,Dog
3728,Cat
3729,Cat
3730,Cat
3731,Dog
3732,Cat
3733,Dog
3734,Dog
3735,Cat
3736,Cat
3737,Cat
3738,Cat
3739,Cat
3740,Dog
3741,Dog
3742,Dog
3743,Cat
3744,Dog
3745,Cat
3746,Cat
3747,Cat
3748,Dog
3749,Cat
3750,Dog
3751,Dog
3752,Dog
3753,Dog
3754,Dog
3755,Dog
3756,Cat
3757,Dog
3758,Cat
3759,Dog
3760,Cat
3761,Dog
3762,Dog
3763,Dog
3764,Dog
3765,Dog
3766,Cat
3767,Cat
3768,Cat
3769,Cat
3770,Dog
3771,Dog
3772,Dog
3773,Dog
3774,Dog
3775,Cat
3776,Dog
3777,Dog
3778,Cat
3779,Cat
3780,Dog
3781,Dog
3782,Dog
3783,Dog
3784,Cat
3785,Cat
3786,Cat
3787,Dog
3788,Cat
3789,Cat
3790,Dog
3791,Cat
3792,Dog
3793,Dog
3794,Dog
3795,Dog
3796,Dog
3797,Dog
3798,Dog
3799,Dog
3800,Cat
3801,Dog
3802,Dog
3803,Cat
3804,Cat
3805,Cat
3806,Dog
3807,Cat
3808,Dog
3809,Dog
3810,Dog
3811,Dog
3812,Cat
3813,Dog
3814,Cat
3815,Dog
3816,Dog
3817,Dog
3818,Cat
3819,Cat
3820,Dog
3821,Cat
3822,Dog
3823,Cat
3824,Cat
3825,Dog
3826,Dog
3827,Dog
3828,Dog
3829,Dog
3830,Dog
3831,Dog
3832,Dog
3833,Cat
3834,Cat
3835,Cat
3836,Cat
3837,Cat
3838,Dog
3839,Dog
3840,Dog
3841,Dog
3842,Cat
3843,Cat
3844,Cat
3845,Dog
3846,Dog
3847,Cat
3848,Dog
3849,Dog
3850,Dog
3851,Cat
3852,Dog
3853,Dog
3854,Dog
3855,Dog
3856,Dog
3857,Dog
3858,Dog
3859,Cat
3860,Dog
3861,Cat
3862,Cat
3863,Dog
3864,Dog
3865,Dog
3866,Dog
3867,Cat
3868,Dog
3869,Cat
3870,Cat
3871,Dog
3872,Cat
3873,Cat
3874,Dog
3875,Cat
3876,Dog
3877,Cat
3878,Dog
3879,Dog
3880,Cat
3881,Cat
3882,Dog
3883,Cat
3884,Dog
3885,Dog
3886,Cat
3887,Cat
3888,Cat
3889,Cat
3890,Dog
3891,Dog
3892,Dog
3893,Dog
3894,Cat
3895,Cat
3896,Dog
3897,Dog
3898,Dog
3899,Dog
3900,Dog
3901,Cat
3902,Dog
3903,Dog
3904,Dog
3905,Dog
3906,Dog
3907,Dog
3908,Dog
3909,Dog
3910,Dog
3911,Cat
3912,Cat
3913,Dog
3914,Dog
3915,Cat
3916,Dog
3917,Dog
3918,Dog
3919,Cat
3920,Dog
3921,Dog
3922,Dog
3923,Dog
3924,Dog
3925,Dog
3926,Dog
3927,Dog
3928,Dog
3929,Cat
3930,Cat
3931,Dog
3932,Dog
3933,Cat
3934,Dog
3935,Dog
3936,Dog
3937,Dog
3938,Cat
3939,Dog
3940,Dog
3941,Dog
3942,Dog
3943,Dog
3944,Dog
3945,Dog
3946,Dog
3947,Dog
3948,Dog
3949,Cat
3950,Dog
3951,Dog
3952,Cat
3953,Cat
3954,Dog
3955,Dog
3956,Dog
3957,Cat
3958,Dog
3959,Dog
3960,Dog
3961,Dog
3962,Dog
3963,Dog
3964,Cat
3965,Dog
3966,Dog
3967,Cat
3968,Dog
3969,Dog
3970,Dog
3971,Dog
3972,Dog
3973,Cat
3974,Cat
3975,Cat
3976,Cat
3977,Cat
3978,Dog
3979,Dog
3980,Dog
3981,Cat
3982,Dog
3983,Dog
3984,Dog
3985,Cat
3986,Dog
3987,Cat
3988,Cat
3989,Cat
3990,Cat
3991,Dog
3992,Cat
3993,Dog
3994,Dog
3995,Dog
3996,Dog
3997,Cat
3998,Dog
3999,Dog
4000,Cat
4001,Dog
4002,Cat
4003,Dog
4004,Cat
4005,Dog
4006,Dog
4007,Dog
4008,Cat
4009,Cat
4010,Dog
4011,Dog
4012,Dog
4013,Dog
4014,Cat
4015,Dog
4016,Cat
4017,Cat
4018,Dog
4019,Cat
4020,Cat
4021,Dog
4022,Dog
4023,Cat
4024,Dog
4025,Cat
4026,Cat
4027,Cat
4028,Cat
4029,Dog
4030,Dog
4031,Dog
4032,Cat
4033,Dog
4034,Dog
4035,Cat
4036,Dog
4037,Dog
4038,Dog
4039,Cat
4040,Dog
4041,Dog
4042,Cat
4043,Cat
4044,Dog
4045,Cat
4046,Cat
4047,Cat
4048,Cat
4049,Dog
4050,Cat
4051,Cat
4052,Dog
4053,Dog
4054,Dog
4055,Cat
4056,Dog
4057,Cat
4058,Dog
4059,Cat
4060,Cat
4061,Dog
4062,Dog
4063,Dog
4064,Cat
4065,Dog
4066,Cat
4067,Cat
4068,Dog
4069,Dog
4070,Dog
4071,Dog
4072,Cat
4073,Dog
4074,Cat
4075,Cat
4076,Cat
4077,Cat
4078,Cat
4079,Cat
4080,Dog
4081,Cat
4082,Dog
4083,Dog
4084,Cat
4085,Cat
4086,Cat
4087,Cat
4088,Dog
4089,Dog
4090,Dog
4091,Cat
4092,Dog
4093,Cat
4094,Dog
4095,Cat
4096,Cat
4097,Dog
4098,Cat
4099,Cat
4100,Dog
4101,Dog
4102,Cat
4103,Dog
4104,Dog
4105,Dog
4106,Cat
4107,Dog
4108,Dog
4109,Cat
4110,Dog
4111,Dog
4112,Dog
4113,Dog
4114,Dog
4115,Dog
4116,Dog
4117,Cat
4118,Dog
4119,Cat
4120,Cat
4121,Cat
4122,Dog
4123,Cat
4124,Dog
4125,Cat
4126,Cat
4127,Dog
4128,Dog
4129,Cat
4130,Cat
4131,Dog
4132,Dog
4133,Cat
4134,Dog
4135,Cat
4136,Dog
4137,Cat
4138,Dog
4139,Dog
4140,Dog
4141,Cat
4142,Cat
4143,Dog
4144,Dog
4145,Cat
4146,Cat
4147,Dog
4148,Cat
4149,Cat
4150,Cat
4151,Dog
4152,Dog
4153,Cat
4154,Cat
4155,Cat
4156,Cat
4157,Cat
4158,Dog
4159,Cat
4160,Dog
4161,Cat
4162,Cat
4163,Cat
4164,Cat
4165,Dog
4166,Cat
4167,Dog
4168,Dog
4169,Dog
4170,Dog
4171,Cat
4172,Dog
4173,Dog
4174,Cat
4175,Cat
4176,Cat
4177,Dog
4178,Dog
4179,Dog
4180,Dog
4181,Cat
4182,Cat
4183,Dog
4184,Dog
4185,Dog
4186,Cat
4187,Cat
4188,Dog
4189,Cat
4190,Cat
4191,Cat
4192,Dog
4193,Dog
4194,Cat
4195,Cat
4196,Dog
4197,Cat
4198,Dog
4199,Cat
4200,Cat
4201,Cat
4202,Cat
4203,Dog
4204,Cat
4205,Cat
4206,Cat
4207,Dog
4208,Cat
4209,Cat
4210,Cat
4211,Cat
4212,Dog
4213,Dog
4214,Cat
4215,Dog
4216,Cat
4217,Dog
4218,Dog
4219,Dog
4220,Dog
4221,Cat
4222,Dog
4223,Cat
4224,Dog
4225,Cat
4226,Cat
4227,Dog
4228,Cat
4229,Dog
4230,Dog
4231,Cat
4232,Cat
4233,Cat
4234,Dog
4235,Cat
4236,Dog
4237,Cat
4238,Cat
4239,Dog
4240,Cat
4241,Dog
4242,Cat
4243,Dog
4244,Dog
4245,Cat
4246,Dog
4247,Cat
4248,Dog
4249,Cat
4250,Dog
4251,Dog
4252,Dog
4253,Cat
4254,Dog
4255,Cat
4256,Cat
4257,Cat
4258,Dog
4259,Dog
4260,Dog
4261,Cat
4262,Dog
4263,Dog
4264,Cat
4265,Dog
4266,Cat
4267,Dog
4268,Cat
4269,Cat
4270,Cat
4271,Cat
4272,Dog
4273,Dog
4274,Dog
4275,Cat
4276,Dog
4277,Cat
4278,Dog
4279,Cat
4280,Cat
4281,Cat
4282,Dog
4283,Dog
4284,Cat
4285,Cat
4286,Dog
4287,Cat
4288,Dog
4289,Dog
4290,Dog
4291,Cat
4292,Cat
4293,Cat
4294,Dog
4295,Cat
4296,Dog
4297,Cat
4298,Cat
4299,Dog
4300,Dog
4301,Dog
4302,Cat
4303,Cat
4304,Cat
4305,Dog
4306,Dog
4307,Cat
4308,Dog
4309,Dog
4310,Dog
4311,Cat
4312,Dog
4313,Dog
4314,Dog
4315,Dog
4316,Cat
4317,Dog
4318,Dog
4319,Cat
4320,Dog
4321,Dog
4322,Dog
4323,Cat
4324,Cat
4325,Cat
4326,Dog
4327,Cat
4328,Cat
4329,Dog
4330,Dog
4331,Cat
4332,Dog
4333,Cat
4334,Cat
4335,Dog
4336,Cat
4337,Dog
4338,Dog
4339,Dog
4340,Dog
4341,Dog
4342,Cat
4343,Dog
4344,Dog
4345,Cat
4346,Dog
4347,Dog
4348,Dog
4349,Cat
4350,Cat
4351,Dog
4352,Cat
4353,Dog
4354,Dog
4355,Dog
4356,Dog
4357,Dog
4358,Dog
4359,Cat
4360,Cat
4361,Dog
4362,Cat
4363,Dog
4364,Dog
4365,Dog
4366,Cat
4367,Cat
4368,Cat
4369,Dog
4370,Dog
4371,Cat
4372,Dog
4373,Dog
4374,Dog
4375,Dog
4376,Cat
4377,Dog
4378,Cat
4379,Cat
4380,Cat
4381,Dog
4382,Cat
4383,Cat
4384,Dog
4385,Cat
4386,Cat
4387,Cat
4388,Dog
4389,Cat
4390,Cat
4391,Dog
4392,Cat
4393,Cat
4394,Dog
4395,Dog
4396,Dog
4397,Dog
4398,Dog
4399,Dog
4400,Cat
4401,Dog
4402,Dog
4403,Dog
4404,Cat
4405,Cat
4406,Dog
4407,Dog
4408,Dog
4409,Cat
4410,Cat
4411,Dog
4412,Dog
4413,Dog
4414,Dog
4415,Cat
4416,Dog
4417,Dog
4418,Dog
4419,Dog
4420,Dog
4421,Dog
4422,Cat
4423,Cat
4424,Dog
4425,Dog
4426,Dog
4427,Dog
4428,Cat
4429,Dog
4430,Dog
4431,Dog
4432,Dog
4433,Cat
4434,Dog
4435,Dog
4436,Dog
4437,Cat
4438,Cat
4439,Dog
4440,Dog
4441,Cat
4442,Dog
4443,Cat
4444,Dog
4445,Cat
4446,Cat
4447,Cat
4448,Dog
4449,Dog
4450,Dog
4451,Cat
4452,Cat
4453,Cat
4454,Cat
4455,Dog
4456,Dog
4457,Cat
4458,Dog
4459,Cat
4460,Dog
4461,Cat
4462,Cat
4463,Cat
4464,Dog
4465,Dog
4466,Cat
4467,Cat
4468,Dog
4469,Cat
4470,Dog
4471,Dog
4472,Cat
4473,Cat
4474,Cat
4475,Dog
4476,Dog
4477,Cat
4478,Dog
4479,Dog
4480,Cat
4481,Dog
4482,Dog
4483,Cat
4484,Dog
4485,Cat
4486,Dog
4487,Cat
4488,Dog
4489,Dog
4490,Cat
4491,Cat
4492,Dog
4493,Dog
4494,Cat
4495,Dog
4496,Dog
4497,Dog
4498,Dog
4499,Dog
4500,Dog
4501,Cat
4502,Dog
4503,Dog
4504,Cat
4505,Dog
4506,Dog
4507,Dog
4508,Cat
4509,Cat
4510,Cat
4511,Dog
4512,Dog
4513,Cat
4514,Cat
4515,Cat
4516,Dog
4517,Dog
4518,Dog
4519,Dog
4520,Dog
4521,Dog
4522,Dog
4523,Dog
4524,Dog
4525,Dog
4526,Dog
4527,Cat
4528,Dog
4529,Cat
4530,Cat
4531,Dog
4532,Dog
4533,Cat
4534,Dog
4535,Dog
4536,Dog
4537,Dog
4538,Dog
4539,Cat
4540,Cat
4541,Cat
4542,Cat
4543,Dog
4544,Dog
4545,Dog
4546,Dog
4547,Dog
4548,Cat
4549,Dog
4550,Dog
4551,Dog
4552,Dog
4553,Dog
4554,Dog
4555,Dog
4556,Dog
4557,Dog
4558,Dog
4559,Dog
4560,Cat
4561,Dog
4562,Dog
4563,Dog
4564,Dog
4565,Dog
4566,Cat
4567,Dog
4568,Dog
4569,Dog
4570,Dog
4571,Cat
4572,Dog
4573,Dog
4574,Cat
4575,Dog
4576,Dog
4577,Dog
4578,Cat
4579,Dog
4580,Dog
4581,Dog
4582,Dog
4583,Cat
4584,Dog
4585,Cat
4586,Cat
4587,Cat
4588,Dog
4589,Dog
4590,Dog
4591,Cat
4592,Dog
4593,Dog
4594,Dog
4595,Dog
4596,Cat
4597,Cat
4598,Cat
4599,Cat
4600,Cat
4601,Cat
4602,Dog
4603,Dog
4604,Dog
4605,Cat
4606,Cat
4607,Cat
4608,Cat
4609,Cat
4610,Dog
4611,Dog
4612,Cat
4613,Dog
4614,Dog
4615,Cat
4616,Dog
4617,Dog
4618,Dog
4619,Cat
4620,Dog
4621,Cat
4622,Dog
4623,Dog
4624,Dog
4625,Dog
4626,Dog
4627,Cat
4628,Cat
4629,Cat
4630,Dog
4631,Dog
4632,Dog
4633,Dog
4634,Cat
4635,Dog
4636,Cat
4637,Dog
4638,Cat
4639,Dog
4640,Dog
4641,Dog
4642,Cat
4643,Dog
4644,Cat
4645,Dog
4646,Dog
4647,Dog
4648,Cat
4649,Cat
4650,Dog
4651,Cat
4652,Cat
4653,Cat
4654,Dog
4655,Dog
4656,Dog
4657,Dog
4658,Cat
4659,Dog
4660,Cat
4661,Dog
4662,Cat
4663,Dog
4664,Dog
4665,Cat
4666,Dog
4667,Dog
4668,Dog
4669,Cat
4670,Cat
4671,Cat
4672,Cat
4673,Dog
4674,Dog
4675,Cat
4676,Cat
4677,Cat
4678,Dog
4679,Dog
4680,Cat
4681,Dog
4682,Dog
4683,Cat
4684,Cat
4685,Dog
4686,Cat
4687,Dog
4688,Cat
4689,Dog
4690,Cat
4691,Dog
4692,Dog
4693,Dog
4694,Cat
4695,Dog
4696,Dog
4697,Cat
4698,Dog
4699,Dog
4700,Dog
4701,Cat
4702,Dog
4703,Cat
4704,Dog
4705,Cat
4706,Cat
4707,Dog
4708,Dog
4709,Dog
4710,Dog
4711,Cat
4712,Dog
4713,Dog
4714,Dog
4715,Cat
4716,Dog
4717,Dog
4718,Cat
4719,Cat
4720,Cat
4721,Dog
4722,Cat
4723,Cat
4724,Dog
4725,Dog
4726,Cat
4727,Dog
4728,Dog
4729,Dog
4730,Dog
4731,Dog
4732,Cat
4733,Cat
4734,Dog
4735,Cat
4736,Cat
4737,Dog
4738,Cat
4739,Dog
4740,Cat
4741,Dog
4742,Cat
4743,Cat
4744,Dog
4745,Dog
4746,Cat
4747,Dog
4748,Dog
4749,Dog
4750,Cat
4751,Cat
4752,Dog
4753,Dog
4754,Dog
4755,Dog
4756,Cat
4757,Cat
4758,Dog
4759,Dog
4760,Cat
4761,Dog
4762,Dog
4763,Cat
4764,Cat
4765,Dog
4766,Dog
4767,Dog
4768,Cat
4769,Dog
4770,Dog
4771,Dog
4772,Dog
4773,Dog
4774,Cat
4775,Dog
4776,Dog
4777,Cat
4778,Dog
4779,Dog
4780,Cat
4781,Dog
4782,Cat
4783,Dog
4784,Dog
4785,Dog
4786,Dog
4787,Dog
4788,Dog
4789,Dog
4790,Dog
4791,Dog
4792,Dog
4793,Dog
4794,Dog
4795,Dog
4796,Dog
4797,Cat
4798,Cat
4799,Cat
4800,Cat
4801,Dog
4802,Dog
4803,Cat
4804,Cat
4805,Dog
4806,Dog
4807,Dog
4808,Dog
4809,Dog
4810,Dog
4811,Cat
4812,Dog
4813,Cat
4814,Dog
4815,Dog
4816,Dog
4817,Cat
4818,Cat
4819,Dog
4820,Cat
4821,Dog
4822,Cat
4823,Cat
4824,Cat
4825,Cat
4826,Cat
4827,Dog
4828,Cat
4829,Cat
4830,Cat
4831,Dog
4832,Cat
4833,Dog
4834,Cat
4835,Cat
4836,Dog
4837,Dog
4838,Cat
4839,Cat
4840,Dog
4841,Cat
4842,Dog
4843,Dog
4844,Cat
4845,Dog
4846,Cat
4847,Cat
4848,Dog
4849,Dog
4850,Dog
4851,Cat
4852,Cat
4853,Dog
4854,Dog
4855,Dog
4856,Dog
4857,Dog
4858,Dog
4859,Dog
4860,Cat
4861,Dog
4862,Dog
4863,Cat
4864,Cat
4865,Dog
4866,Cat
4867,Dog
4868,Cat
4869,Cat
4870,Dog
4871,Dog
4872,Dog
4873,Dog
4874,Dog
4875,Dog
4876,Cat
4877,Dog
4878,Dog
4879,Dog
4880,Dog
4881,Cat
4882,Dog
4883,Dog
4884,Dog
4885,Cat
4886,Cat
4887,Dog
4888,Dog
4889,Cat
4890,Cat
4891,Cat
4892,Dog
4893,Dog
4894,Dog
4895,Dog
4896,Dog
4897,Cat
4898,Cat
4899,Dog
4900,Cat
4901,Cat
4902,Cat
4903,Dog
4904,Cat
4905,Cat
4906,Dog
4907,Dog
4908,Cat
4909,Cat
4910,Cat
4911,Dog
4912,Dog
4913,Cat
4914,Cat
4915,Dog
4916,Cat
4917,Dog
4918,Cat
4919,Dog
4920,Dog
4921,Cat
4922,Cat
4923,Dog
4924,Cat
4925,Dog
4926,Dog
4927,Cat
4928,Cat
4929,Cat
4930,Cat
4931,Dog
4932,Dog
4933,Cat
4934,Dog
4935,Dog
4936,Dog
4937,Cat
4938,Dog
4939,Cat
4940,Dog
4941,Dog
4942,Dog
4943,Dog
4944,Dog
4945,Cat
4946,Dog
4947,Cat
4948,Cat
4949,Dog
4950,Cat
4951,Cat
4952,Cat
4953,Cat
4954,Cat
4955,Cat
4956,Cat
4957,Cat
4958,Dog
4959,Dog
4960,Cat
4961,Dog
4962,Dog
4963,Dog
4964,Cat
4965,Dog
4966,Dog
4967,Dog
4968,Dog
4969,Dog
4970,Dog
4971,Cat
4972,Dog
4973,Cat
4974,Cat
4975,Cat
4976,Cat
4977,Cat
4978,Dog
4979,Dog
4980,Cat
4981,Dog
4982,Cat
4983,Dog
4984,Dog
4985,Dog
4986,Cat
4987,Cat
4988,Cat
4989,Dog
4990,Cat
4991,Cat
4992,Dog
4993,Dog
4994,Dog
4995,Cat
4996,Dog
4997,Dog
4998,Cat
4999,Dog
